category,component,manufacturer,part_number,details,quantity,status,notes,url
enclosure,Kradex enclosure,Kradex,,Alternative enclosure,1,alternative,176 x 126 x 57 mm IP65; used for an earlier version,
controller,Raspberry Pi Zero 2 W,Raspberry Pi,,Main controller,1,required,Single-board computer,
network,PoE Ethernet / USB HUB HAT for Raspberry Pi Zero,Waveshare,,,1,,,https://www.berrybase.de/en/poe-ethernet-usb-hub-hat-for-raspberry-pi-zero-1x-rj45-3x-usbisolation,2-channel optocoupler module,,,Signal isolation,1,required,Doorbell sensor,https://www.tinytronics.nl/en/switches/optocouplers/optocoupler-isolation-module-2-channels
control,5V 8-channel relay module,,,,1,,,https://www.berrybase.de/en/5v-8-channel-relay-module
connector,GX12-6 connector,,,Connector for wiring towards garage door sensors and control,1,required,,https://www.tinytronics.nl/en/cables-and-connectors/connectors/aviation-style/gx12/gx12-6-connector-set
connector,RCA connector,,,,2-5,,,https://www.reichelt.com/nl/nl/shop/product/tulp_chassisdeel_inbouw_geisoleerd_verguld_met_gekl_-143
connector,RCA connector with bend protection,,,,2-5,,,https://www.reichelt.com/nl/en/shop/product/rca_connector_with_bend_protection_black_gold-plated-6900?search=CSPG%2520SW&
sensor,reed relais,,,,2,,,https://www.tinytronics.nl/nl/schakelaars/magneetschakelaars/deur-schakelaar-reed-relais-met-magneet
assembly,Wago clamps,,,Terminal connections,as required,required,,
assembly,Jumper cables heat shrink and masking tape,,,Wiring and assembly,as required,required,,
power,Hunter losse transformator 24Vac,Hunter,,,1,,,https://www.doehetzelfberegening.shop/hunter-losse-transformator-24vac.html
control,Hunter PGV 1" magneetklep met flowcontrol,Hunter,,,2-5,,,https://irritech.nl/hunter-pgv-1-magneetklep-met-flowcontrol-be.502.104/